{
  "nfl_stadiums": {
    "ARI": {
      "lat": 33.5276,
      "lon": -112.2626,
      "tz": "America/Phoenix",
      "name": "State Farm Stadium"
    },
    "ATL": {
      "lat": 33.7553,
      "lon": -84.4006,
      "tz": "America/New_York",
      "name": "Mercedes-Benz Stadium"
    },
    "BAL": {
      "lat": 39.278,
      "lon": -76.6227,
      "tz": "America/New_York",
      "name": "M&T Bank Stadium"
    },
    "BUF": {
      "lat": 42.7738,
      "lon": -78.787,
      "tz": "America/New_York",
      "name": "Highmark Stadium"
    },
    "CAR": {
      "lat": 35.2258,
      "lon": -80.8528,
      "tz": "America/New_York",
      "name": "Bank of America Stadium"
    },
    "CHI": {
      "lat": 41.8623,
      "lon": -87.6167,
      "tz": "America/Chicago",
      "name": "Soldier Field"
    },
    "CIN": {
      "lat": 39.0954,
      "lon": -84.516,
      "tz": "America/New_York",
      "name": "Paycor Stadium"
    },
    "CLE": {
      "lat": 41.5061,
      "lon": -81.6995,
      "tz": "America/New_York",
      "name": "Cleveland Browns Stadium"
    },
    "DAL": {
      "lat": 32.7473,
      "lon": -97.0945,
      "tz": "America/Chicago",
      "name": "AT&T Stadium"
    },
    "DEN": {
      "lat": 39.7439,
      "lon": -105.0201,
      "tz": "America/Denver",
      "name": "Empower Field at Mile High"
    },
    "DET": {
      "lat": 42.34,
      "lon": -83.0456,
      "tz": "America/Detroit",
      "name": "Ford Field"
    },
    "GB": {
      "lat": 44.5013,
      "lon": -88.0622,
      "tz": "America/Chicago",
      "name": "Lambeau Field"
    },
    "HOU": {
      "lat": 29.6847,
      "lon": -95.4107,
      "tz": "America/Chicago",
      "name": "NRG Stadium"
    },
    "IND": {
      "lat": 39.7601,
      "lon": -86.1639,
      "tz": "America/Indiana/Indianapolis",
      "name": "Lucas Oil Stadium"
    },
    "JAX": {
      "lat": 30.3239,
      "lon": -81.6373,
      "tz": "America/New_York",
      "name": "EverBank Stadium"
    },
    "KC": {
      "lat": 39.0489,
      "lon": -94.4839,
      "tz": "America/Chicago",
      "name": "GEHA Field at Arrowhead Stadium"
    },
    "LAC": {
      "lat": 33.9535,
      "lon": -118.3392,
      "tz": "America/Los_Angeles",
      "name": "SoFi Stadium"
    },
    "LAR": {
      "lat": 33.9535,
      "lon": -118.3392,
      "tz": "America/Los_Angeles",
      "name": "SoFi Stadium"
    },
    "LV": {
      "lat": 36.0909,
      "lon": -115.1833,
      "tz": "America/Los_Angeles",
      "name": "Allegiant Stadium"
    },
    "MIA": {
      "lat": 25.958,
      "lon": -80.2389,
      "tz": "America/New_York",
      "name": "Hard Rock Stadium"
    },
    "MIN": {
      "lat": 44.9737,
      "lon": -93.2577,
      "tz": "America/Chicago",
      "name": "U.S. Bank Stadium"
    },
    "NE": {
      "lat": 42.0909,
      "lon": -71.2643,
      "tz": "America/New_York",
      "name": "Gillette Stadium"
    },
    "NO": {
      "lat": 29.9511,
      "lon": -90.0812,
      "tz": "America/Chicago",
      "name": "Caesars Superdome"
    },
    "NYG": {
      "lat": 40.8128,
      "lon": -74.0742,
      "tz": "America/New_York",
      "name": "MetLife Stadium"
    },
    "NYJ": {
      "lat": 40.8128,
      "lon": -74.0742,
      "tz": "America/New_York",
      "name": "MetLife Stadium"
    },
    "PHI": {
      "lat": 39.9008,
      "lon": -75.1675,
      "tz": "America/New_York",
      "name": "Lincoln Financial Field"
    },
    "PIT": {
      "lat": 40.4468,
      "lon": -80.0158,
      "tz": "America/New_York",
      "name": "Acrisure Stadium"
    },
    "SEA": {
      "lat": 47.5952,
      "lon": -122.3316,
      "tz": "America/Los_Angeles",
      "name": "Lumen Field"
    },
    "SF": {
      "lat": 37.4033,
      "lon": -121.9694,
      "tz": "America/Los_Angeles",
      "name": "Levi's Stadium"
    },
    "TB": {
      "lat": 27.9759,
      "lon": -82.5033,
      "tz": "America/New_York",
      "name": "Raymond James Stadium"
    },
    "TEN": {
      "lat": 36.1665,
      "lon": -86.7713,
      "tz": "America/Chicago",
      "name": "Nissan Stadium"
    },
    "WSH": {
      "lat": 38.9076,
      "lon": -76.8645,
      "tz": "America/New_York",
      "name": "Northwest Stadium"
    }
  },
  "international_venues": {
    "Sao Paulo,Brazil": {
      "lat": -23.5475,
      "lon": -46.63611,
      "tz": "America/Sao_Paulo",
      "name": "S\u00e3o Paulo"
    },
    "Munich,Germany": {
      "lat": 48.13743,
      "lon": 11.57549,
      "tz": "Europe/Berlin",
      "name": "Munich"
    },
    "London,England": {
      "lat": 51.50853,
      "lon": -0.12574,
      "tz": "Europe/London",
      "name": "London"
    },
    "Dublin,Ireland": {
      "lat": 53.33306,
      "lon": -6.24889,
      "tz": "Europe/Dublin",
      "name": "Dublin"
    },
    "Berlin,Germany": {
      "lat": 52.52437,
      "lon": 13.41053,
      "tz": "Europe/Berlin",
      "name": "Berlin"
    }
  }
}